{"loss": [1.5977104902267456, 1.2445722818374634, 1.0748567581176758, 0.9675211906433105, 0.8871437907218933, 0.8270906805992126, 0.7805934548377991, 0.7437976002693176, 0.7136569023132324, 0.6883559823036194, 0.6676299571990967, 0.6498433947563171, 0.6356967687606812, 0.6218990683555603, 0.6109634637832642, 0.6010712385177612, 0.5917107462882996, 0.5840507745742798, 0.5774794816970825, 0.5705977082252502, 0.5651285648345947, 0.5600144863128662, 0.5547955632209778, 0.5504884123802185, 0.5465510487556458, 0.5430322885513306, 0.5397283434867859, 0.5364786982536316, 0.5337958931922913, 0.5312052965164185, 0.5287474989891052, 0.5264658331871033, 0.5242891311645508, 0.5222417712211609, 0.5203830003738403, 0.5185844302177429, 0.5169143080711365, 0.5153030753135681, 0.5137656927108765, 0.5123436450958252, 0.5109854340553284, 0.509756863117218, 0.5085317492485046, 0.5073528289794922, 0.5063897967338562, 0.505287230014801, 0.5042247772216797, 0.503207802772522, 0.502280592918396, 0.501375675201416], "accuracy": [0.416643887758255, 0.563422679901123, 0.6322856545448303, 0.6822943091392517, 0.7166558504104614, 0.7455424070358276, 0.7694475054740906, 0.7895783185958862, 0.8085160851478577, 0.8242597579956055, 0.8395913243293762, 0.8522103428840637, 0.8642578125, 0.8741415739059448, 0.8834764957427979, 0.8921151161193848, 0.8995010852813721, 0.9062851071357727, 0.912948727607727, 0.9189572930335999, 0.9237934350967407, 0.9291609525680542, 0.9341044425964355, 0.9376651048660278, 0.9414719939231873, 0.9445077180862427, 0.9479501247406006, 0.950636625289917, 0.9529446363449097, 0.9556094408035278, 0.9578870534896851, 0.9602210521697998, 0.9619368314743042, 0.9640550017356873, 0.9654378294944763, 0.9675766229629517, 0.9685148000717163, 0.970014750957489, 0.9712337851524353, 0.9725342392921448, 0.9736697673797607, 0.9748693108558655, 0.9758367538452148, 0.976782500743866, 0.9773085117340088, 0.97841477394104, 0.9792130589485168, 0.9800937175750732, 0.9806132316589355, 0.9814949631690979], "f1": [0.09503837674856186, 0.27699172496795654, 0.41808274388313293, 0.5262265801429749, 0.6029597520828247, 0.660850465297699, 0.7010999917984009, 0.7334762215614319, 0.7622295618057251, 0.7850310206413269, 0.8061807155609131, 0.8226093053817749, 0.8377145528793335, 0.8510099649429321, 0.8619362115859985, 0.8725309371948242, 0.8812732100486755, 0.8884507417678833, 0.8960846066474915, 0.9027689099311829, 0.9080886244773865, 0.9140759706497192, 0.9195184707641602, 0.9234633445739746, 0.9274688363075256, 0.9309142827987671, 0.9345278739929199, 0.9374490976333618, 0.9400615692138672, 0.9429084658622742, 0.9454258680343628, 0.9477300047874451, 0.9497750997543335, 0.9517297744750977, 0.953227162361145, 0.9554470777511597, 0.9566887617111206, 0.958213746547699, 0.9595682621002197, 0.9609012603759766, 0.961968183517456, 0.9632219672203064, 0.9643269181251526, 0.9652941823005676, 0.9659275412559509, 0.9670817255973816, 0.9678698778152466, 0.9689186215400696, 0.9695313572883606, 0.9703681468963623], "auc": [0.7816036343574524, 0.8797881603240967, 0.9129378795623779, 0.9334542751312256, 0.9463046789169312, 0.9561325907707214, 0.9631281495094299, 0.9687808752059937, 0.9736488461494446, 0.9773239493370056, 0.9807045459747314, 0.9832625985145569, 0.9854319095611572, 0.9873506426811218, 0.9888964891433716, 0.9902418851852417, 0.9914302229881287, 0.9923884868621826, 0.9932568669319153, 0.994042694568634, 0.9946008324623108, 0.9952237010002136, 0.9957435131072998, 0.996117889881134, 0.996494472026825, 0.9967969655990601, 0.9971271753311157, 0.9973418712615967, 0.9975634813308716, 0.9977842569351196, 0.9979469776153564, 0.9981199502944946, 0.9982345104217529, 0.9984076619148254, 0.9984973669052124, 0.9986094236373901, 0.9987094402313232, 0.9988008141517639, 0.9988645315170288, 0.9989436864852905, 0.9990152716636658, 0.9990620017051697, 0.999125063419342, 0.9991713166236877, 0.9991974830627441, 0.9992672801017761, 0.999295175075531, 0.9993398785591125, 0.9993699789047241, 0.9994029402732849], "val_loss": [1.834647297859192, 1.7974653244018555, 1.7227903604507446, 1.7055273056030273, 1.7079193592071533, 1.703873634338379, 1.7100642919540405, 1.705696702003479, 1.712925672531128, 1.7058780193328857, 1.7185670137405396, 1.7252411842346191, 1.7389776706695557, 1.7518714666366577, 1.7580207586288452, 1.7597566843032837, 1.7584916353225708, 1.769608736038208, 1.776019811630249, 1.7793374061584473, 1.7838172912597656, 1.797423243522644, 1.8048927783966064, 1.803214430809021, 1.8101308345794678, 1.7985268831253052, 1.8197942972183228, 1.8206558227539062, 1.8051636219024658, 1.8230901956558228, 1.8322871923446655, 1.8376303911209106, 1.8303194046020508, 1.8354648351669312, 1.8357717990875244, 1.8426111936569214, 1.8399120569229126, 1.8482204675674438, 1.8396137952804565, 1.8496910333633423, 1.8516607284545898, 1.84468674659729, 1.8564993143081665, 1.8599634170532227, 1.8534847497940063, 1.8543775081634521, 1.8549671173095703, 1.8632533550262451, 1.8643732070922852, 1.8658628463745117], "val_accuracy": [0.26769697666168213, 0.2897563576698303, 0.3556557595729828, 0.37274208664894104, 0.38042402267456055, 0.3883126676082611, 0.3919735550880432, 0.4034072458744049, 0.4052361249923706, 0.41775333881378174, 0.4188588261604309, 0.4198484420776367, 0.4213140308856964, 0.4194256663322449, 0.42567017674446106, 0.4269886016845703, 0.435068279504776, 0.43570399284362793, 0.43491482734680176, 0.4375297427177429, 0.4403357207775116, 0.4360923171043396, 0.436327189207077, 0.440592497587204, 0.4401634633541107, 0.44839346408843994, 0.44027307629585266, 0.44218024611473083, 0.45269322395324707, 0.44714081287384033, 0.4445227384567261, 0.44362396001815796, 0.4486032724380493, 0.44834962487220764, 0.4525397717952728, 0.44905737042427063, 0.45178189873695374, 0.4490918219089508, 0.45541462302207947, 0.4522172212600708, 0.4508236348628998, 0.4560002386569977, 0.4527026116847992, 0.45148754119873047, 0.45532068610191345, 0.4547288119792938, 0.45684266090393066, 0.45429036021232605, 0.45425277948379517, 0.4548540711402893], "val_f1": [0.005528163630515337, 0.026706818491220474, 0.08530224114656448, 0.14204534888267517, 0.18747954070568085, 0.2155228853225708, 0.23743031919002533, 0.26622307300567627, 0.28471407294273376, 0.3063660264015198, 0.3181222975254059, 0.3257896304130554, 0.33403655886650085, 0.33608099818229675, 0.3486417531967163, 0.3510352373123169, 0.36205771565437317, 0.3662630319595337, 0.3668828010559082, 0.37125182151794434, 0.376273512840271, 0.37251365184783936, 0.3755379319190979, 0.38020721077919006, 0.3802197277545929, 0.39066648483276367, 0.3832174837589264, 0.3854424059391022, 0.39836645126342773, 0.3929876387119293, 0.3907194435596466, 0.3907761573791504, 0.3958929777145386, 0.3956499397754669, 0.40253257751464844, 0.3980565667152405, 0.4019556939601898, 0.3993721306324005, 0.40831223130226135, 0.4043462574481964, 0.4021625220775604, 0.40911898016929626, 0.4059862196445465, 0.4038936197757721, 0.4089990556240082, 0.40870314836502075, 0.411447137594223, 0.4088100492954254, 0.408708393573761, 0.40937772393226624],