{"loss": [1.5478944778442383, 1.10117769241333, 0.9089122414588928, 0.7898290157318115, 0.7107616662979126, 0.659307599067688, 0.6235013604164124, 0.591747522354126, 0.5722023248672485, 0.5548968315124512, 0.5411949753761292, 0.5313169956207275, 0.5224424004554749, 0.5166069865226746, 0.5103574991226196, 0.5050074458122253, 0.5010285377502441, 0.497408390045166, 0.49424487352371216, 0.4916175901889801, 0.4891742467880249, 0.4870077073574066, 0.4851260781288147, 0.4835796654224396, 0.4820365905761719], "accuracy": [0.4183197617530823, 0.6189782023429871, 0.7057522535324097, 0.7700390219688416, 0.8143008947372437, 0.8483349680900574, 0.873985230922699, 0.8995400667190552, 0.9159561991691589, 0.9292277097702026, 0.9413189888000488, 0.9502017498016357, 0.9579542279243469, 0.9623581767082214, 0.968582272529602, 0.9732975363731384, 0.9761199951171875, 0.9789337515830994, 0.9812983870506287, 0.9834190011024475, 0.9852359294891357, 0.9866330623626709, 0.9879856705665588, 0.9889521598815918, 0.9899555444717407], "f1": [0.16964435577392578, 0.424056738615036, 0.582297146320343, 0.6894693374633789, 0.7584742307662964, 0.8079489469528198, 0.8434340953826904, 0.877321183681488, 0.8971848487854004, 0.9131743311882019, 0.9255115985870361, 0.9382466673851013, 0.9458993673324585, 0.9519529938697815, 0.9583778977394104, 0.9641085863113403, 0.9674853682518005, 0.9707750082015991, 0.9733344316482544, 0.9754346013069153, 0.9779872894287109, 0.9795222878456116, 0.981231153011322, 0.9823981523513794, 0.9836183190345764], "auc": [0.7916421890258789, 0.90723717212677, 0.9442034363746643, 0.9637951850891113, 0.9757080078125, 0.9833248853683472, 0.987937867641449, 0.9920426607131958, 0.9940817952156067, 0.9957756996154785, 0.9970173835754395, 0.9977965354919434, 0.9983227849006653, 0.9986703395843506, 0.999015748500824, 0.9992610812187195, 0.9994008541107178, 0.9995275139808655, 0.9996235370635986, 0.9996941685676575, 0.9997531175613403, 0.9997885227203369, 0.9998266100883484, 0.9998471140861511, 0.9998696446418762], "val_loss": [1.8592047691345215, 1.7689529657363892, 1.7281025648117065, 1.7330764532089233, 1.6463854312896729, 1.7203043699264526, 1.5934877395629883, 1.6453596353530884, 1.5909520387649536, 1.5892834663391113, 1.6027418375015259, 1.6075822114944458, 1.689612627029419, 1.6062548160552979, 1.5862711668014526, 1.6274664402008057, 1.6023513078689575, 1.6144012212753296, 1.6224496364593506, 1.6006138324737549, 1.6078600883483887, 1.6022111177444458, 1.614022970199585, 1.6259658336639404, 1.606621503829956], "val_accuracy": [0.2640163004398346, 0.33643484115600586, 0.3718389868736267, 0.37363722920417786, 0.4306328296661377, 0.39989975094795227, 0.4708020091056824, 0.43934524059295654, 0.4753759503364563, 0.48379385471343994, 0.4771397113800049, 0.47684210538864136, 0.4376879632472992, 0.4795864522457123, 0.4952944815158844, 0.47161340713500977, 0.4799717962741852, 0.4798840880393982, 0.4803540110588074, 0.49243420362472534, 0.48740914463996887, 0.4933302104473114, 0.48538219928741455, 0.4799717962741852, 0.49656641483306885], "val_f1": [0.01813414879143238, 0.08449078351259232, 0.15403328835964203, 0.20219919085502625, 0.29392677545547485, 0.2988782823085785, 0.3607428967952728, 0.33673784136772156, 0.37310582399368286, 0.39147859811782837, 0.3946392834186554, 0.39162832498550415, 0.3641320466995239, 0.3909543752670288, 0.40947744250297546, 0.39021897315979004, 0.3937152326107025, 0.3978026807308197, 0.401723712682724, 0.41020482778549194, 0.4064290225505829, 0.4110111594200134, 0.4037898778915405, 0.3995261788368225, 0.4158579707145691], "val_auc": [0.6644602417945862, 0.7226402759552002, 0.7487480640411377, 0.759360671043396, 0.7897753715515137, 0.7839222550392151, 0.8119879961013794, 0.7991922497749329, 0.8138163685798645, 0.8180883526802063, 0.8168171644210815, 0.8151308298110962, 0.7985012531280518, 0.8136287927627563, 0.8197718858718872, 0.8106083869934082, 0.814698338508606, 0.8127688765525818, 0.813135027885437, 0.8178770542144775, 0.8155458569526672, 0.8164702653884888, 0.8139545917510986, 0.8109520077705383, 0.8169832229614258]}